Documento,Palabra,Frecuencia
Doc 1,librari,6
Doc 3,librari,5
Doc 13,catalogu,7
Doc 16,period,5
Doc 23,code,5
Doc 25,subject,5
Doc 25,librari,6
Doc 26,fact,5
Doc 28,ala,5
Doc 34,librari,6
Doc 34,scienc,7
Doc 36,librari,6
Doc 43,archiv,5
Doc 44,librari,12
Doc 44,legisl,5
Doc 44,cours,5
Doc 45,market,6
Doc 46,inform,5
Doc 47,cours,5
Doc 49,continu,5
Doc 49,educ,5
Doc 50,inform,5
Doc 51,librari,5
Doc 53,librarian,5
Doc 55,librari,5
Doc 56,librari,6
Doc 56,industri,5
Doc 59,art,7
Doc 59,librari,5
Doc 61,nation,5
Doc 61,librari,9
Doc 62,librari,7
Doc 62,servic,5
Doc 63,librari,6
Doc 63,servic,5
Doc 64,music,5
Doc 65,court,5
Doc 65,librari,5
Doc 72,mobil,8
Doc 72,librari,5
Doc 72,servic,5
Doc 74,librari,9
Doc 74,servic,5
Doc 75,librari,7
Doc 76,librari,5
Doc 78,librari,6
Doc 78,educ,5
Doc 79,librari,5
Doc 82,librari,7
Doc 82,univers,9
Doc 83,librari,8
Doc 84,librari,11
Doc 85,librari,9
Doc 88,educ,5
Doc 91,act,5
Doc 95,librari,6
Doc 95,disadvantag,7
Doc 99,child,8
Doc 100,servic,6
Doc 100,librari,6
Doc 101,librari,7
Doc 102,school,5
Doc 102,uk,6
Doc 103,school,11
Doc 103,librari,9
Doc 104,school,5
Doc 107,centr,5
Doc 108,librari,7
Doc 110,librari,8
Doc 110,servic,6
Doc 110,african,5
Doc 114,librari,7
Doc 117,librari,7
Doc 120,archiv,7
Doc 120,local,7
Doc 120,histori,6
Doc 123,archiv,6
Doc 123,african,5
Doc 128,map,7
Doc 129,globe,5
Doc 133,cultur,5
Doc 136,educ,6
Doc 138,stock,5
Doc 140,journal,7
Doc 142,collect,8
Doc 146,librari,7
Doc 146,board,6
Doc 147,plan,5
Doc 149,staff,5
Doc 151,librari,12
Doc 151,univers,5
Doc 156,librari,5
Doc 157,new,5
Doc 159,librari,11
Doc 162,librari,9
Doc 164,commun,5
Doc 165,public,8
Doc 165,relat,6
Doc 166,inform,5
Doc 167,librari,13
Doc 168,univers,7
Doc 168,librari,8
Doc 175,librari,9
Doc 176,fund,6
Doc 176,public,5
Doc 176,librari,6
Doc 178,librari,5
Doc 180,librari,5
Doc 185,librari,5
Doc 196,work,6
Doc 200,staff,5
Doc 200,develop,6
Doc 203,studi,5
Doc 203,age,5
Doc 203,job,7
Doc 203,satisfact,7
Doc 204,librari,6
Doc 205,carpet,5
Doc 207,new,6
Doc 207,librari,12
Doc 207,build,7
Doc 207,number,5
Doc 209,build,5
Doc 210,librari,6
Doc 211,librari,5
Doc 221,librari,5
Doc 222,teacher,5
Doc 222,librari,5
Doc 226,system,6
Doc 226,evalu,7
Doc 226,work,5
Doc 226,inform,8
Doc 226,centr,5
Doc 227,univers,6
Doc 227,librari,6
Doc 228,inform,6
Doc 228,servic,6
Doc 228,industri,7
Doc 228,uganda,6
Doc 230,inform,5
Doc 233,librari,5
Doc 233,countri,6
Doc 235,patent,11
Doc 235,servic,5
Doc 236,inform,6
Doc 236,social,5
Doc 237,develop,5
Doc 237,inform,7
Doc 237,servic,6
Doc 237,social,5
Doc 237,scienc,5
Doc 240,inform,5
Doc 241,librari,6
Doc 241,inform,5
Doc 241,local,6
Doc 243,educ,5
Doc 243,eric,5
Doc 249,inform,6
Doc 250,inform,7
Doc 251,inform,8
Doc 256,inform,7
Doc 256,develop,7
Doc 258,inform,7
Doc 259,scienc,5
Doc 259,inform,5
Doc 261,scientif,5
Doc 261,journal,7
Doc 265,develop,8
Doc 267,inform,7
Doc 271,inform,5
Doc 273,govern,5
Doc 274,polici,6
Doc 281,data,5
Doc 282,librari,6
Doc 285,infoterra,5
Doc 285,inform,6
Doc 286,develop,5
Doc 286,inform,6
Doc 286,system,9
Doc 288,research,6
Doc 292,materi,6
Doc 292,data,5
Doc 293,inform,5
Doc 299,film,5
Doc 301,librari,5
Doc 303,bibliograph,5
Doc 303,descript,5
Doc 312,educ,11
Doc 312,index,6
Doc 313,enquiri,6
Doc 314,statist,5
Doc 315,mark,6
Doc 315,form,5
Doc 315,use,6
Doc 316,intern,5
Doc 316,uap,6
Doc 320,librari,5
Doc 320,request,6
Doc 326,system,6
Doc 331,refer,5
Doc 333,librari,5
Doc 333,order,7
Doc 337,wholesal,6
Doc 339,inform,5
Doc 339,librari,5
Doc 340,librari,9
Doc 341,cost,7
Doc 341,studi,5
Doc 341,palmour,5
Doc 341,ou,5
Doc 342,stocktak,5
Doc 349,secur,5
Doc 349,system,5
Doc 353,librari,6
Doc 358,use,5
Doc 358,card,6
Doc 361,catalogu,5
Doc 364,system,5
Doc 366,oclc,5
Doc 367,marc,5
Doc 370,aacr,5
Doc 374,system,5
Doc 377,index,6
Doc 377,nomin,7
Doc 377,phrase,7
Doc 379,librari,6
Doc 383,librari,6
Doc 386,kwic,7
Doc 386,index,7
Doc 387,list,5
Doc 389,system,5
Doc 391,comput,5
Doc 395,languag,5
Doc 398,inform,6
Doc 398,system,6
Doc 399,search,7
Doc 400,base,5
Doc 408,data,7
Doc 408,base,5
Doc 411,network,5
Doc 411,user,6
Doc 413,inform,5
Doc 414,prestel,7
Doc 414,librari,5
Doc 419,data,5
Doc 420,index,6
Doc 421,servic,6
Doc 423,user,7
Doc 426,structur,6
Doc 429,data,5
Doc 436,refer,5
Doc 444,rout,5
Doc 445,network,5
Doc 446,data,6
Doc 458,mobil,6
Doc 458,commun,5
Doc 458,system,7
Doc 461,section,5
Doc 464,woman,5
Doc 466,gild,5
Doc 469,publish,5
Doc 472,publish,6
Doc 475,journal,5
Doc 479,public,6
Doc 480,u,5
Doc 481,review,9
Doc 487,child,6
Doc 487,book,8
Doc 488,child,5
Doc 488,teacher,5
Doc 490,librari,5
Doc 498,librari,7
Doc 499,librari,12
Doc 499,scienc,5
Doc 500,librari,6
Doc 506,librari,5
Doc 507,librari,8
Doc 508,librari,5
Doc 512,librari,6
Doc 518,inform,5
Doc 520,librari,6
Doc 523,librari,9
Doc 524,librari,5
Doc 525,librari,6
Doc 525,associ,6
Doc 526,librari,6
Doc 527,inform,5
Doc 527,scienc,5
Doc 529,librari,6
Doc 529,school,5
Doc 531,inform,5
Doc 533,catalogu,6
Doc 534,use,5
Doc 535,cologn,5
Doc 535,librari,14
Doc 536,china,6
Doc 543,librari,5
Doc 544,librari,7
Doc 545,state,6
Doc 545,librari,5
Doc 546,research,6
Doc 547,librari,7
Doc 549,librari,7
Doc 550,standard,7
Doc 551,librari,5
Doc 554,librari,5
Doc 558,popular,5
Doc 558,cultur,5
Doc 565,librari,6
Doc 566,librari,5
Doc 566,standard,6
Doc 567,hospit,5
Doc 568,librari,5
Doc 569,jcah,5
Doc 572,handicap,6
Doc 573,handicap,8
Doc 573,librari,8
Doc 576,librari,7
Doc 578,librari,9
Doc 578,book,5
Doc 580,inform,5
Doc 582,use,9
Doc 585,librari,13
Doc 585,use,14
Doc 586,librari,5
Doc 590,user,7
Doc 590,librari,8
Doc 592,educ,5
Doc 596,book,5
Doc 605,french,5
Doc 608,period,6
Doc 608,librari,7
Doc 613,read,5
Doc 613,aid,6
Doc 619,archiv,5
Doc 623,map,7
Doc 623,collect,5
Doc 626,micropublish,5
Doc 630,data,5
Doc 632,cultur,5
Doc 633,librari,5
Doc 635,collect,7
Doc 638,social,5
Doc 638,archiv,7
Doc 640,journal,8
Doc 646,statist,5
Doc 646,librari,6
Doc 649,network,5
Doc 651,plan,6
Doc 652,plan,9
Doc 652,librari,8
Doc 653,data,5
Doc 653,librari,8
Doc 654,librari,6
Doc 655,health,6
Doc 655,librari,5
Doc 655,nh,5
Doc 656,network,5
Doc 657,ifla,5
Doc 657,develop,5
Doc 658,librari,8
Doc 660,network,5
Doc 662,network,5
Doc 665,plan,5
Doc 667,public,5
Doc 667,librari,6
Doc 667,cultur,5
Doc 668,librari,5
Doc 669,librari,7
Doc 670,interview,5
Doc 672,manag,5
Doc 672,inform,6
Doc 676,librari,6
Doc 676,administr,5
Doc 677,market,5
Doc 679,librari,6
Doc 679,book,5
Doc 680,librari,10
Doc 681,qualiti,5
Doc 681,assur,6
Doc 681,servic,6
Doc 687,librari,5
Doc 690,librari,5
Doc 693,manag,6
Doc 697,certif,7
Doc 700,academ,5
Doc 702,evalu,7
Doc 704,qualifi,5
Doc 704,librari,7
Doc 704,increas,5
Doc 711,librari,6
Doc 714,light,7
Doc 719,inform,8
Doc 719,handicap,6
Doc 720,inform,5
Doc 721,inform,5
Doc 724,inform,5
Doc 725,socialist,8
Doc 726,popul,5
Doc 734,elt,5
Doc 735,data,5
Doc 737,inform,6
Doc 737,librari,5
Doc 738,inform,5
Doc 739,inform,8
Doc 740,educ,6
Doc 748,librari,6
Doc 750,commun,7
Doc 753,inform,6
Doc 753,develop,5
Doc 754,inform,5
Doc 758,data,5
Doc 758,base,5
Doc 762,terminolog,6
Doc 762,standard,5
Doc 764,inform,6
Doc 764,human,6
Doc 766,instruct,5
Doc 766,faculti,6
Doc 766,develop,7
Doc 767,osteopath,5
Doc 767,librari,5
Doc 771,index,6
Doc 773,inform,5
Doc 774,servic,6
Doc 774,inform,5
Doc 777,revis,5
Doc 777,abstract,5
Doc 779,japanes,6
Doc 779,scientif,7
Doc 779,technic,6
Doc 779,literatur,7
Doc 780,cpi,5
Doc 783,cultur,5
Doc 783,activ,6
Doc 784,music,7
Doc 786,system,7
Doc 787,system,5
Doc 789,record,5
Doc 790,inform,5
Doc 790,librari,6
Doc 791,serial,5
Doc 797,librari,5
Doc 807,dental,5
Doc 808,card,6
Doc 815,librari,7
Doc 820,inventori,5
Doc 825,librari,5
Doc 829,bind,7
Doc 834,circul,9
Doc 834,photocopi,6
Doc 835,system,6
Doc 837,catalogu,7
Doc 838,literatur,5
Doc 839,ussr,5
Doc 844,serial,5
Doc 854,utla,5
Doc 856,bibliograph,7
Doc 856,music,8
Doc 856,standard,5
Doc 861,name,7
Doc 864,serial,5
Doc 864,aacr,6
Doc 865,music,6
Doc 866,union,9
Doc 866,foreign,8
Doc 866,uzbekistan,6
Doc 866,prepar,5
Doc 866,librari,8
Doc 866,index,8
Doc 866,period,5
Doc 874,british,5
Doc 877,patent,6
Doc 879,thesauru,5
Doc 879,music,6
Doc 881,rehabilit,5
Doc 881,servic,5
Doc 882,chemic,6
Doc 884,inform,6
Doc 884,system,6
Doc 885,onlin,6
Doc 886,librari,5
Doc 886,servic,5
Doc 888,data,7
Doc 888,use,5
Doc 890,system,7
Doc 891,collect,6
Doc 893,inform,7
Doc 893,system,5
Doc 894,librari,5
Doc 894,inform,9
Doc 898,educ,5
Doc 899,videotex,5
Doc 904,system,8
Doc 906,system,5
Doc 910,inform,5
Doc 914,system,5
Doc 920,onlin,5
Doc 920,search,5
Doc 922,workshop,6
Doc 927,data,6
Doc 927,base,6
Doc 930,ecer,6
Doc 931,search,6
Doc 933,medlin,6
Doc 934,onlin,6
Doc 934,servic,8
Doc 936,data,5
Doc 938,index,6
Doc 943,inform,5
Doc 947,word,5
Doc 962,read,5
Doc 963,read,6
Doc 965,slovak,7
Doc 965,bibliographi,7
Doc 965,book,5
Doc 966,bibliographi,5
Doc 968,ink,5
Doc 969,center,5
Doc 969,book,5
Doc 970,educ,6
Doc 970,publish,7
Doc 972,govern,5
Doc 972,print,6
Doc 974,print,5
Doc 979,censorship,5
Doc 990,budget,5
Doc 1011,nation,5
Doc 1011,librari,5
Doc 1011,servic,5
Doc 1011,develop,5
Doc 1012,nebraska,5
Doc 1012,librari,6
Doc 1015,world,5
Doc 1018,compar,6
Doc 1018,librarianship,7
Doc 1019,librari,9
Doc 1019,research,7
Doc 1020,librari,8
Doc 1020,research,9
Doc 1021,librari,6
Doc 1021,research,13
Doc 1028,inform,5
Doc 1032,medium,5
Doc 1033,associ,5
Doc 1036,librari,9
Doc 1037,librari,6
Doc 1039,librari,5
Doc 1040,ohio,5
Doc 1042,toy,5
Doc 1048,educ,5
Doc 1049,continu,6
Doc 1049,educ,8
Doc 1049,librari,5
Doc 1058,librari,6
Doc 1058,patent,5
Doc 1059,state,5
Doc 1059,librari,6
Doc 1060,librari,5
Doc 1062,librari,14
Doc 1063,public,6
Doc 1063,librari,6
Doc 1067,mobil,6
Doc 1068,librari,10
Doc 1069,librari,6
Doc 1073,learn,5
Doc 1073,resourc,5
Doc 1076,function,5
Doc 1079,nurs,6
Doc 1079,home,6
Doc 1080,servic,6
Doc 1080,librari,6
Doc 1083,librari,7
Doc 1085,librari,8
Doc 1086,resourc,8
Doc 1086,centr,9
Doc 1086,educ,5
Doc 1088,librari,9
Doc 1089,survey,6
Doc 1094,librari,5
Doc 1096,evalu,5
Doc 1097,inform,5
Doc 1101,state,5
Doc 1101,depositori,6
Doc 1102,survey,5
Doc 1105,immigr,7
Doc 1105,librari,6
Doc 1113,archiv,6
Doc 1113,librari,5
Doc 1117,patent,7
Doc 1117,librari,5
Doc 1119,audiovisu,5
Doc 1122,research,6
Doc 1124,collect,9
Doc 1125,map,5
Doc 1126,collect,5
Doc 1127,librari,5
Doc 1127,user,7
Doc 1132,microfich,5
Doc 1137,qualiti,5
Doc 1139,author,7
Doc 1139,paper,5
Doc 1140,busi,5
Doc 1141,librari,5
Doc 1147,chang,5
Doc 1147,librari,7
Doc 1151,librari,5
Doc 1151,system,5
Doc 1152,librari,5
Doc 1157,legisl,6
Doc 1162,librari,5
Doc 1163,measur,7
Doc 1163,librari,5
Doc 1164,librari,5
Doc 1165,librari,5
Doc 1167,librari,5
Doc 1169,librari,6
Doc 1169,inform,6
Doc 1170,user,6
Doc 1174,market,5
Doc 1176,univers,5
Doc 1176,librari,6
Doc 1178,system,7
Doc 1178,librari,5
Doc 1179,librari,5
Doc 1183,librari,5
Doc 1185,librari,6
Doc 1189,system,5
Doc 1192,special,6
Doc 1193,career,5
Doc 1194,salari,6
Doc 1194,hospit,5
Doc 1194,librarian,5
Doc 1196,train,5
Doc 1197,union,6
Doc 1197,librari,5
Doc 1197,associ,5
Doc 1198,inform,6
Doc 1198,specialist,5
Doc 1200,catalogu,6
Doc 1203,librari,5
Doc 1205,librari,5
Doc 1207,market,9
Doc 1207,librari,10
Doc 1207,public,8
Doc 1210,child,6
Doc 1210,book,5
Doc 1211,librari,6
Doc 1212,librari,5
Doc 1217,statist,9
Doc 1218,librari,7
Doc 1218,inform,8
Doc 1218,polici,5
Doc 1223,patent,8
Doc 1224,search,5
Doc 1228,patent,6
Doc 1229,file,5
Doc 1230,research,5
Doc 1231,sourc,5
Doc 1232,librari,7
Doc 1236,freedom,5
Doc 1236,inform,5
Doc 1236,bill,5
Doc 1237,commun,6
Doc 1242,hawaii,5
Doc 1245,standard,8
Doc 1245,inform,5
Doc 1246,data,7
Doc 1249,inform,6
Doc 1253,data,5
Doc 1256,inform,10
Doc 1256,use,5
Doc 1258,energi,6
Doc 1259,librari,5
Doc 1260,agricultur,5
Doc 1261,servic,5
Doc 1262,inform,5
Doc 1263,document,7
Doc 1269,inform,6
Doc 1271,inform,5
Doc 1274,intern,5
Doc 1274,data,9
Doc 1274,flow,6
Doc 1275,inform,5
Doc 1275,develop,6
Doc 1291,correl,5
Doc 1291,tabl,5
Doc 1293,oceanograph,6
Doc 1293,system,6
Doc 1295,medic,5
Doc 1299,data,5
Doc 1302,use,6
Doc 1306,librari,6
Doc 1307,librari,5
Doc 1312,chemic,5
Doc 1315,sdi,6
Doc 1316,scienc,5
Doc 1319,servic,5
Doc 1324,refer,8
Doc 1325,librari,7
Doc 1331,cultur,7
Doc 1332,librari,6
Doc 1333,serial,10
Doc 1333,depart,5
Doc 1333,commun,6
Doc 1333,organis,5
Doc 1334,modul,6
Doc 1340,serial,5
Doc 1341,problem,5
Doc 1341,acquisit,5
Doc 1342,claim,5
Doc 1345,map,6
Doc 1346,select,6
Doc 1351,serial,5
Doc 1353,interlibrari,5
Doc 1353,loan,5
Doc 1356,govern,8
Doc 1358,storag,6
Doc 1364,secur,5
Doc 1364,map,5
Doc 1370,system,7
Doc 1371,hull,5
Doc 1371,system,5
Doc 1372,catalogu,5
Doc 1373,research,5
Doc 1379,system,7
Doc 1380,librari,5
Doc 1380,catalogu,5
Doc 1383,report,7
Doc 1383,error,5
Doc 1385,librari,5
Doc 1388,mrc,5
Doc 1389,citat,6
Doc 1390,librari,5
Doc 1390,catalogu,6
Doc 1397,catalogu,5
Doc 1404,retriev,6
Doc 1404,boolean,5
Doc 1408,subject,6
Doc 1408,head,8
Doc 1408,record,5
Doc 1430,data,7
Doc 1430,qualiti,5
Doc 1431,base,5
Doc 1436,patent,8
Doc 1437,inform,6
Doc 1438,fragment,6
Doc 1439,retriev,6
Doc 1439,system,8
Doc 1440,librari,5
Doc 1440,bookstock,7
Doc 1456,inform,6
Doc 1456,system,10
Doc 1461,feder,6
Doc 1461,translat,5
Doc 1463,audiovisu,5
Doc 1466,territori,5
Doc 1466,bibliographi,5
Doc 1466,system,10
Doc 1475,publish,5
Doc 1476,journal,5
Doc 1477,disabl,7
Doc 1481,annual,5
Doc 1481,report,5
Doc 1483,journal,6
Doc 1495,teleord,5
Doc 1498,microfilm,5
Doc 1502,xray,7
Doc 1503,camera,5
Doc 1506,patent,5
Doc 1512,greenland,7
Doc 1512,librari,6
Doc 1512,servic,5
Doc 1518,qualit,5
Doc 1518,research,5
Doc 1520,evalu,6
Doc 1522,librari,7
Doc 1522,research,5
Doc 1523,librari,13
Doc 1523,child,9
Doc 1525,map,6
Doc 1526,inform,7
Doc 1527,inform,11
Doc 1529,educ,5
Doc 1534,academ,6
Doc 1535,immigr,7
Doc 1536,imag,6
Doc 1536,librari,8
Doc 1539,patent,5
Doc 1544,librari,5
Doc 1545,librari,6
Doc 1551,music,5
Doc 1553,american,5
Doc 1553,librari,7
Doc 1555,depositori,5
Doc 1555,librari,7
Doc 1556,public,7
Doc 1556,librari,13
Doc 1556,research,13
Doc 1559,public,5
Doc 1559,librari,5
Doc 1560,librari,6
Doc 1560,servic,5
Doc 1561,librari,10
Doc 1562,librari,6
Doc 1563,librari,6
Doc 1564,librari,8
Doc 1565,servic,6
Doc 1566,librari,6
Doc 1566,univers,5
Doc 1567,law,6
Doc 1568,section,6
Doc 1569,cooper,6
Doc 1570,librari,5
Doc 1571,librari,5
Doc 1573,hospit,8
Doc 1573,librari,7
Doc 1574,librari,5
Doc 1574,prison,7
Doc 1576,librari,5
Doc 1577,librari,10
Doc 1578,librari,5
Doc 1579,librari,5
Doc 1581,older,5
Doc 1581,adult,6
Doc 1581,librarian,6
Doc 1582,child,5
Doc 1583,librari,5
Doc 1583,child,6
Doc 1589,librari,6
Doc 1591,librari,7
Doc 1592,librari,5
Doc 1592,user,5
Doc 1595,inform,8
Doc 1595,need,7
Doc 1596,librari,8
Doc 1596,school,5
Doc 1602,distribut,5
Doc 1606,librari,5
Doc 1617,video,5
Doc 1619,deaf,5
Doc 1622,econom,8
Doc 1622,literatur,5
Doc 1622,librari,5
Doc 1629,test,5
Doc 1629,histori,5
Doc 1633,public,6
Doc 1633,laboratori,10
Doc 1633,size,5
Doc 1633,institut,5
Doc 1633,number,6
Doc 1635,dissert,5
Doc 1639,period,5
Doc 1643,librari,6
Doc 1647,univers,10
Doc 1647,librari,7
Doc 1649,medic,5
Doc 1650,cooper,5
Doc 1652,cooper,5
Doc 1652,librari,8
Doc 1656,librari,5
Doc 1660,librari,5
Doc 1662,librari,6
Doc 1665,librari,5
Doc 1665,budget,6
Doc 1672,librari,5
Doc 1687,inform,6
Doc 1687,work,5
Doc 1690,inform,5
Doc 1693,librari,5
Doc 1694,librari,5
Doc 1696,librari,8
Doc 1698,build,5
Doc 1699,build,6
Doc 1700,librari,6
Doc 1701,inform,5
Doc 1706,government,6
Doc 1708,inform,7
Doc 1713,patent,7
Doc 1713,activ,5
Doc 1718,librari,5
Doc 1719,statist,7
Doc 1724,inform,14
Doc 1732,servic,7
Doc 1734,inform,5
Doc 1735,servic,6
Doc 1739,scientist,5
Doc 1739,contact,5
Doc 1746,method,5
Doc 1748,inform,5
Doc 1752,drug,5
Doc 1752,public,5
Doc 1752,librarian,6
Doc 1754,inform,5
Doc 1761,inform,6
Doc 1762,inform,6
Doc 1763,plan,5
Doc 1765,patent,8
Doc 1765,inform,6
Doc 1766,inform,5
Doc 1768,librari,6
Doc 1769,inform,11
Doc 1770,video,6
Doc 1772,survey,7
Doc 1772,inform,6
Doc 1774,inform,6
Doc 1774,system,5
Doc 1779,section,5
Doc 1782,system,5
Doc 1782,inform,6
Doc 1782,educ,5
Doc 1785,sourc,7
Doc 1785,inventori,8
Doc 1786,land,7
Doc 1794,system,7
Doc 1797,inform,5
Doc 1800,inform,6
Doc 1806,librari,6
Doc 1808,map,6
Doc 1814,document,6
Doc 1814,servic,5
Doc 1818,period,5
Doc 1819,abstract,9
Doc 1825,librari,5
Doc 1831,system,5
Doc 1831,librari,5
Doc 1832,local,5
Doc 1834,network,6
Doc 1834,acquisit,6
Doc 1835,system,7
Doc 1835,librari,5
Doc 1841,book,6
Doc 1846,librari,6
Doc 1847,serial,5
Doc 1848,welfar,5
Doc 1848,case,5
Doc 1848,record,5
Doc 1849,climat,5
Doc 1850,book,5
Doc 1851,restor,5
Doc 1854,record,6
Doc 1856,chapter,6
Doc 1862,microfilm,5
Doc 1862,colour,5
Doc 1868,librari,6
Doc 1872,search,6
Doc 1872,key,5
Doc 1874,catalogu,8
Doc 1874,use,5
Doc 1878,index,8
Doc 1880,classif,6
Doc 1882,classif,5
Doc 1883,librari,6
Doc 1885,classif,5
Doc 1885,system,5
Doc 1887,classif,5
Doc 1889,scheme,5
Doc 1891,system,5
Doc 1891,gener,5
Doc 1891,phase,7
Doc 1897,local,5
Doc 1899,btree,5
Doc 1900,infolog,5
Doc 1900,inform,6
Doc 1903,data,5
Doc 1903,base,5
Doc 1903,search,8
Doc 1904,search,5
Doc 1906,librari,6
Doc 1908,user,6
Doc 1908,search,6
Doc 1922,videotex,7
Doc 1924,nikkei,5
Doc 1924,inform,5
Doc 1927,inform,5
Doc 1931,onlin,10
Doc 1931,educ,5
Doc 1933,data,5
Doc 1934,data,10
Doc 1934,base,7
Doc 1934,inform,6
Doc 1934,system,7
Doc 1939,use,5
Doc 1940,relat,5
Doc 1940,data,9
Doc 1940,base,9
Doc 1940,languag,5
Doc 1942,job,5
Doc 1942,satisfact,6
Doc 1942,personnel,5
Doc 1942,dp,5
Doc 1945,messag,5
Doc 1945,buffer,7
Doc 1950,network,6
Doc 1951,file,5
Doc 1960,base,5
Doc 1976,inform,5
Doc 1978,review,7
Doc 1981,region,5
Doc 1987,book,5
Doc 1989,bookclub,5
Doc 1990,electron,5
Doc 1994,electron,5
Doc 1999,moon,8
Doc 1999,reader,5
Doc 2000,concord,6
Doc 2017,record,5
Doc 2018,librari,5
Doc 2020,public,5
Doc 2020,librari,7
Doc 2023,librari,5
Doc 2025,south,5
Doc 2025,inform,6
Doc 2030,librari,6
Doc 2038,librari,5
Doc 2038,research,6
Doc 2038,librarian,5
Doc 2039,librari,9
Doc 2049,student,5
Doc 2051,concept,5
Doc 2051,method,5
Doc 2052,librari,5
Doc 2056,librari,5
Doc 2056,instruct,5
Doc 2060,confer,5
Doc 2062,librari,5
Doc 2063,librari,6
Doc 2071,commiss,5
Doc 2071,librari,5
Doc 2072,develop,5
Doc 2073,librari,5
Doc 2074,librari,6
Doc 2077,librari,5
Doc 2078,mobil,5
Doc 2078,librari,11
Doc 2079,librari,5
Doc 2080,librari,8
Doc 2082,materi,5
Doc 2083,librari,11
Doc 2083,univers,7
Doc 2084,univers,5
Doc 2085,physic,5
Doc 2085,access,8
Doc 2086,librari,5
Doc 2090,medic,5
Doc 2090,librari,5
Doc 2094,school,6
Doc 2096,librari,5
Doc 2098,school,7
Doc 2098,medium,5
Doc 2100,librari,8
Doc 2102,librari,5
Doc 2103,danish,11
Doc 2103,librari,5
Doc 2104,librari,5
Doc 2104,servic,5
Doc 2106,librari,6
Doc 2107,sami,6
Doc 2107,librari,7
Doc 2108,librari,8
Doc 2109,black,8
Doc 2109,academ,5
Doc 2109,librari,8
Doc 2110,immigr,6
Doc 2113,librari,6
Doc 2113,commun,5
Doc 2114,servic,5
Doc 2117,read,6
Doc 2118,read,5
Doc 2118,librari,6
Doc 2124,analysi,5
Doc 2129,territori,5
Doc 2138,record,7
Doc 2141,patent,11
Doc 2145,map,6
Doc 2145,librari,6
Doc 2148,microfich,5
Doc 2149,book,5
Doc 2149,cassett,7
Doc 2150,research,5
Doc 2155,audiovisu,5
Doc 2158,review,7
Doc 2162,agricultur,5
Doc 2164,art,9
Doc 2164,centr,6
Doc 2168,literatur,5
Doc 2169,librari,5
Doc 2171,librari,6
Doc 2172,plan,7
Doc 2173,librari,6
Doc 2174,librari,7
Doc 2175,special,6
Doc 2175,librari,5
Doc 2176,librari,5
Doc 2178,librari,10
Doc 2178,centr,5
Doc 2179,region,9
Doc 2179,network,9
Doc 2179,system,5
Doc 2179,librari,6
Doc 2180,librari,5
Doc 2183,inform,5
Doc 2183,servic,5
Doc 2184,polytechn,10
Doc 2184,librari,7
Doc 2185,librari,7
Doc 2185,effect,5
Doc 2185,measur,6
Doc 2186,librari,5
Doc 2187,librari,6
Doc 2190,school,5
Doc 2191,inform,6
Doc 2191,group,7
Doc 2191,decis,9
Doc 2191,make,7
Doc 2193,inform,5
Doc 2193,centr,6
Doc 2195,aid,6
Doc 2195,parti,6
Doc 2196,librari,6
Doc 2196,show,5
Doc 2199,inform,7
Doc 2203,director,5
Doc 2205,teach,5
Doc 2205,librari,6
Doc 2208,univers,6
Doc 2218,document,5
Doc 2219,inform,8
Doc 2220,inform,6
Doc 2220,librari,5
Doc 2222,student,5
Doc 2225,librari,6
Doc 2228,resourc,5
Doc 2228,centr,7
Doc 2229,inform,6
Doc 2229,environ,5
Doc 2229,organis,5
Doc 2231,inform,6
Doc 2231,agenc,5
Doc 2236,dissemin,5
Doc 2240,studi,6
Doc 2240,field,6
Doc 2243,inform,5
Doc 2245,system,8
Doc 2245,inform,5
Doc 2249,feder,5
Doc 2249,laboratori,5
Doc 2250,technolog,5
Doc 2250,nation,5
Doc 2251,use,6
Doc 2257,inform,8
Doc 2258,system,7
Doc 2258,privat,7
Doc 2258,sector,7
Doc 2261,hospit,7
Doc 2262,inform,6
Doc 2263,research,5
Doc 2263,medic,5
Doc 2263,inform,5
Doc 2265,inform,5
Doc 2267,patient,6
Doc 2270,inform,5
Doc 2272,agricultur,5
Doc 2273,network,6
Doc 2273,inform,7
Doc 2274,inform,9
Doc 2278,intern,5
Doc 2279,system,8
Doc 2281,scienc,6
Doc 2282,inform,6
Doc 2283,librari,6
Doc 2285,group,5
Doc 2285,commun,5
Doc 2288,data,6
Doc 2290,secur,5
Doc 2293,data,8
Doc 2295,inform,5
Doc 2298,scientif,5
Doc 2298,inform,5
Doc 2298,system,5
Doc 2300,data,5
Doc 2300,system,10
Doc 2300,could,5
Doc 2304,energi,6
Doc 2306,system,5
Doc 2306,data,5
Doc 2307,librari,5
Doc 2312,librari,6
Doc 2312,cai,5
Doc 2313,librari,5
Doc 2313,instruct,6
Doc 2314,librari,8
Doc 2314,user,6
Doc 2314,educ,5
Doc 2316,librari,6
Doc 2319,user,5
Doc 2319,librari,7
Doc 2319,instruct,5
Doc 2320,user,7
Doc 2320,train,6
Doc 2320,young,5
Doc 2320,peopl,5
Doc 2320,librari,6
Doc 2322,librari,6
Doc 2322,instruct,5
Doc 2324,nation,7
Doc 2324,bibliograph,5
Doc 2327,servic,5
Doc 2331,sdi,5
Doc 2336,refer,5
Doc 2338,librari,5
Doc 2339,servic,6
Doc 2341,link,5
Doc 2341,librari,5
Doc 2345,librari,8
Doc 2346,book,5
Doc 2346,journal,6
Doc 2347,fiction,6
Doc 2348,friend,6
Doc 2348,group,8
Doc 2348,librari,6
Doc 2349,budget,6
Doc 2350,copi,5
Doc 2350,publish,5
Doc 2352,loan,5
Doc 2357,system,6
Doc 2357,product,5
Doc 2360,restor,6
Doc 2364,system,5
Doc 2370,librari,6
Doc 2371,system,6
Doc 2376,catalogu,8
Doc 2380,catalogu,5
Doc 2380,librari,5
Doc 2381,author,5
Doc 2382,australian,5
Doc 2382,librari,5
Doc 2382,network,6
Doc 2384,catalogu,6
Doc 2386,uniform,8
Doc 2386,titl,8
Doc 2388,locat,6
Doc 2388,mark,6
Doc 2393,index,5
Doc 2393,word,5
Doc 2396,arab,8
Doc 2400,catalogu,5
Doc 2403,index,12
Doc 2406,notat,7
Doc 2413,mesh,5
Doc 2418,languag,5
Doc 2422,method,5
Doc 2427,corpor,6
Doc 2427,inform,8
Doc 2427,system,6
Doc 2433,inform,6
Doc 2434,data,7
Doc 2434,base,6
Doc 2434,model,6
Doc 2437,network,6
Doc 2437,intern,5
Doc 2438,network,5
Doc 2441,prestel,7
Doc 2442,index,6
Doc 2449,educ,5
Doc 2453,servic,9
Doc 2453,onlin,5
Doc 2456,data,5
Doc 2456,base,5
Doc 2457,document,5
Doc 2460,data,6
Doc 2468,system,5
Doc 2472,read,5
Doc 2478,part,5
Doc 2481,copyright,9
Doc 2500,agent,7
Doc 2501,index,5
Doc 2502,review,8
Doc 2504,journal,9
Doc 2505,price,5
Doc 2505,health,5
Doc 2505,scienc,5
Doc 2510,book,7
Doc 2512,feder,5
Doc 2518,intern,5
Doc 2518,librarianship,6
Doc 2520,librari,6
Doc 2521,librari,7
Doc 2521,th,6
Doc 2522,librari,13
Doc 2524,effici,5
Doc 2525,confer,5
Doc 2525,librari,5
Doc 2526,review,5
Doc 2540,librari,6
Doc 2542,case,5
Doc 2542,librari,6
Doc 2544,disciplin,5
Doc 2545,space,5
Doc 2548,inform,5
Doc 2548,reflect,8
Doc 2549,librarian,5
Doc 2549,librari,6
Doc 2551,ifla,5
Doc 2552,associ,7
Doc 2552,librari,6
Doc 2556,cours,5
Doc 2556,univers,6
Doc 2557,train,5
Doc 2557,librari,5
Doc 2558,knowledg,5
Doc 2558,inform,7
Doc 2560,librari,7
Doc 2561,cours,7
Doc 2562,index,5
Doc 2563,librari,5
Doc 2568,search,5
Doc 2569,book,7
Doc 2570,paraprofession,7
Doc 2574,librari,7
Doc 2575,librari,5
Doc 2578,russian,5
Doc 2579,cultur,5
Doc 2580,librari,8
Doc 2583,librari,6
Doc 2588,librari,7
Doc 2589,public,5
Doc 2589,librari,6
Doc 2591,librari,12
Doc 2591,democrat,5
Doc 2592,librari,10
Doc 2593,librari,7
Doc 2594,librari,7
Doc 2595,librari,14
Doc 2596,librari,5
Doc 2598,librari,6
Doc 2598,centr,6
Doc 2600,librari,6
Doc 2601,librari,7
Doc 2603,librari,9
Doc 2603,univers,5
Doc 2604,standard,5
Doc 2606,librari,7
Doc 2609,librari,8
Doc 2612,librari,10
Doc 2612,servic,5
Doc 2613,handicap,5
Doc 2617,librari,9
Doc 2617,blind,6
Doc 2617,servic,8
Doc 2618,school,7
Doc 2620,young,5
Doc 2623,school,7
Doc 2623,librarian,6
Doc 2625,librari,6
Doc 2626,librari,8
Doc 2627,librari,8
Doc 2628,librari,7
Doc 2630,librari,6
Doc 2631,librari,5
Doc 2632,foreign,6
Doc 2637,librari,7
Doc 2642,bibliometri,5
Doc 2642,use,7
Doc 2648,univers,5
Doc 2648,librari,6
Doc 2648,soviet,8
Doc 2648,literatur,6
Doc 2652,outstand,5
Doc 2652,refer,7
Doc 2652,sourc,7
Doc 2657,librari,5
Doc 2658,librari,8
Doc 2660,materi,5
Doc 2662,map,8
Doc 2662,nation,5
Doc 2665,map,5
Doc 2669,public,5
Doc 2669,librari,8
Doc 2670,video,8
Doc 2670,librari,7
Doc 2672,crimin,5
Doc 2677,train,7
Doc 2681,book,8
Doc 2681,child,7
Doc 2682,collect,6
Doc 2683,librari,10
Doc 2685,plan,5
Doc 2686,map,5
Doc 2686,librari,8
Doc 2688,librari,7
Doc 2688,network,5
Doc 2689,librari,6
Doc 2689,twin,5
Doc 2689,town,6
Doc 2691,librari,7
Doc 2693,forecast,5
Doc 2694,librari,5
Doc 2694,system,5
Doc 2695,librari,8
Doc 2696,librari,5
Doc 2697,librari,6
Doc 2698,librari,5
Doc 2700,educ,5
Doc 2700,librari,5
Doc 2701,librari,7
Doc 2702,archiv,9
Doc 2706,librari,7
Doc 2706,mc,6
Doc 2708,librari,12
Doc 2708,counti,6
Doc 2708,state,6
Doc 2709,librari,11
Doc 2713,librari,5
Doc 2713,variabl,7
Doc 2713,institut,5
Doc 2715,storag,6
Doc 2719,librari,5
Doc 2720,autom,6
Doc 2720,librari,5
Doc 2721,autom,5
Doc 2724,inform,5
Doc 2725,termin,6
Doc 2725,facil,5
Doc 2727,staff,5
Doc 2727,develop,5
Doc 2727,librari,5
Doc 2733,job,5
Doc 2734,group,7
Doc 2736,union,5
Doc 2736,librari,5
Doc 2738,librari,6
Doc 2743,librari,6
Doc 2744,univers,7
Doc 2747,librari,5
Doc 2747,metr,9
Doc 2748,nois,7
Doc 2750,equip,5
Doc 2750,librari,7
Doc 2752,reader,6
Doc 2752,librari,5
Doc 2757,inform,5
Doc 2759,inform,6
Doc 2760,inform,6
Doc 2762,public,5
Doc 2764,social,10
Doc 2764,scienc,10
Doc 2764,inform,8
Doc 2770,develop,5
Doc 2770,paper,5
Doc 2775,inform,6
Doc 2776,standard,5
Doc 2776,refer,5
Doc 2776,data,6
Doc 2777,inform,7
Doc 2777,medic,7
Doc 2781,inform,8
Doc 2784,product,5
Doc 2786,hungarian,5
Doc 2786,librari,5
Doc 2791,effect,5
Doc 2791,cost,7
Doc 2791,inform,5
Doc 2791,prefer,5
Doc 2793,inform,5
Doc 2796,measur,9
Doc 2796,journal,9
Doc 2798,inform,8
Doc 2801,refer,6
Doc 2801,sourc,5
Doc 2802,retriev,5
Doc 2803,retriev,7
Doc 2806,environment,5
Doc 2806,data,7
Doc 2808,sti,5
Doc 2808,system,7
Doc 2817,queri,10
Doc 2817,simpl,5
Doc 2819,educ,11
Doc 2819,user,5
Doc 2820,librari,5
Doc 2824,journal,8
Doc 2828,research,6
Doc 2832,abstract,8
Doc 2834,refer,6
Doc 2835,inform,7
Doc 2836,interview,6
Doc 2837,serial,5
Doc 2837,refer,5
Doc 2840,librari,13
Doc 2840,film,7
Doc 2841,librari,5
Doc 2845,file,5
Doc 2846,subject,6
Doc 2847,slide,5
Doc 2852,librari,5
Doc 2853,depositori,8
Doc 2855,depositori,5
Doc 2857,depositori,5
Doc 2859,govern,5
Doc 2860,exchang,6
Doc 2860,librari,6
Doc 2861,interlend,7
Doc 2861,system,6
Doc 2862,librari,8
Doc 2863,librari,7
Doc 2867,care,5
Doc 2867,book,6
Doc 2870,librari,5
Doc 2874,issu,5
Doc 2874,use,5
Doc 2874,number,5
Doc 2874,book,5
Doc 2876,system,5
Doc 2880,mrdf,5
Doc 2881,catalogu,5
Doc 2882,librari,7
Doc 2882,cost,10
Doc 2882,model,7
Doc 2884,system,5
Doc 2886,search,7
Doc 2889,special,5
Doc 2891,search,5
Doc 2892,aacr,5
Doc 2893,period,6
Doc 2893,catalogu,5
Doc 2894,person,5
Doc 2895,retriev,5
Doc 2897,literatur,5
Doc 2898,classif,5
Doc 2898,analysi,6
Doc 2899,subject,5
Doc 2900,dewey,9
Doc 2900,use,5
Doc 2900,arnesen,6
Doc 2906,minicomput,5
Doc 2906,thesauru,5
Doc 2906,use,5
Doc 2906,term,5
Doc 2907,oil,5
Doc 2908,card,6
Doc 2913,compound,5
Doc 2919,data,5
Doc 2920,onlin,5
Doc 2920,librari,6
Doc 2921,inform,5
Doc 2925,onlin,7
Doc 2925,librari,5
Doc 2936,prestel,6
Doc 2942,inform,5
Doc 2945,factfind,6
Doc 2945,system,6
Doc 2946,system,6
Doc 2947,train,5
Doc 2948,crdb,6
Doc 2949,system,5
Doc 2950,public,6
Doc 2950,librari,5
Doc 2950,servic,7
Doc 2954,data,7
Doc 2954,tag,8
Doc 2955,inform,7
Doc 2957,retriev,12
Doc 2958,retriev,6
Doc 2959,boolean,5
Doc 2962,document,6
Doc 2971,develop,5
Doc 2982,electron,5
Doc 2982,mail,5
Doc 2987,bibliographi,8
Doc 2992,librari,5
Doc 2992,publish,6
Doc 2995,commun,5
Doc 3001,index,11
Doc 3003,index,7
Doc 3004,govern,5
Doc 3005,jewish,5
Doc 3007,plr,7
Doc 3008,plr,6
Doc 3008,librari,5
Doc 3009,plr,6
Doc 3012,plr,5
Doc 3020,resolut,6
Doc 3020,power,5
Doc 3021,cultur,6
Doc 3022,structur,8
Doc 3022,protein,6
Doc 3023,registr,5
Doc 3023,drug,5
Doc 3025,inform,5
Doc 3026,librari,6
Doc 3027,librari,6
Doc 3028,librari,7
Doc 3029,librari,5
Doc 3031,librari,6
Doc 3032,librari,5
Doc 3032,report,5
Doc 3037,research,5
Doc 3039,black,5
Doc 3040,librari,5
Doc 3042,winsor,5
Doc 3042,librari,5
Doc 3043,cathol,6
Doc 3043,literatur,5
Doc 3043,centr,5
Doc 3044,principl,5
Doc 3044,librari,7
Doc 3046,moral,5
Doc 3049,inform,8
Doc 3050,librari,5
Doc 3051,intern,5
Doc 3051,document,5
Doc 3055,univers,5
Doc 3055,librarianship,5
Doc 3057,librari,7
Doc 3059,parttim,6
Doc 3059,cours,6
Doc 3059,student,6
Doc 3060,librari,5
Doc 3064,inform,5
Doc 3065,use,6
Doc 3065,termin,5
Doc 3072,librari,7
Doc 3073,librari,5
Doc 3077,music,5
Doc 3078,librari,7
Doc 3079,librari,7
Doc 3079,european,5
Doc 3079,commun,6
Doc 3082,union,5
Doc 3082,librari,7
Doc 3083,librari,6
Doc 3086,cultur,6
Doc 3086,centr,6
Doc 3091,librari,6
Doc 3091,refer,5
Doc 3092,librari,5
Doc 3092,book,5
Doc 3093,librari,6
Doc 3095,librari,7
Doc 3097,librari,6
Doc 3099,librari,6
Doc 3100,librari,5
Doc 3103,univers,5
Doc 3103,librari,8
Doc 3105,book,6
Doc 3105,pari,5
Doc 3105,librari,5
Doc 3105,turgenev,9
Doc 3106,servic,6
Doc 3106,handicap,6
Doc 3107,librari,5
Doc 3107,handicap,7
Doc 3113,child,5
Doc 3113,access,5
Doc 3113,librari,10
Doc 3113,servic,5
Doc 3114,librari,6
Doc 3114,inform,5
Doc 3114,papua,6
Doc 3114,new,6
Doc 3114,guinea,6
Doc 3115,school,8
Doc 3115,librari,13
Doc 3117,librari,13
Doc 3118,librari,8
Doc 3126,librari,5
Doc 3129,measur,5
Doc 3130,school,6
Doc 3134,nation,5
Doc 3134,librari,5
Doc 3139,evalu,5
Doc 3139,librari,6
Doc 3141,toy,5
Doc 3141,librari,6
Doc 3142,resourc,5
Doc 3143,colleg,7
Doc 3144,book,5
Doc 3154,video,9
Doc 3154,librari,8
Doc 3154,medium,5
Doc 3164,librari,6
Doc 3165,librari,6
Doc 3166,nation,5
Doc 3166,librari,5
Doc 3167,plan,5
Doc 3168,network,5
Doc 3172,network,5
Doc 3172,coalit,5
Doc 3173,librari,6
Doc 3174,librari,5
Doc 3174,system,5
Doc 3175,profession,5
Doc 3175,inform,5
Doc 3176,librari,5
Doc 3177,librari,5
Doc 3178,perform,5
Doc 3178,measur,6
Doc 3178,feder,7
Doc 3178,librari,9
Doc 3183,librari,11
Doc 3184,manag,5
Doc 3184,librari,6
Doc 3185,must,5
Doc 3189,research,9
Doc 3189,librari,7
Doc 3190,countri,5
Doc 3194,librari,7
Doc 3195,librari,7
Doc 3196,librari,10
Doc 3199,librari,6
Doc 3200,chine,7
Doc 3202,librari,6
Doc 3205,librari,5
Doc 3207,report,5
Doc 3207,librari,6
Doc 3209,model,6
Doc 3210,staff,5
Doc 3210,develop,5
Doc 3216,report,5
Doc 3216,librarian,10
Doc 3216,librari,6
Doc 3217,trade,6
Doc 3217,union,8
Doc 3217,librari,6
Doc 3219,inform,11
Doc 3220,librari,7
Doc 3220,describ,5
Doc 3222,librari,5
Doc 3224,librari,5
Doc 3226,public,6
Doc 3226,librari,5
Doc 3227,librari,8
Doc 3229,audienc,6
Doc 3232,servic,6
Doc 3238,inform,5
Doc 3240,patent,5
Doc 3241,develop,5
Doc 3242,arkansa,5
Doc 3244,document,5
Doc 3247,commun,5
Doc 3247,worker,5
Doc 3247,inform,5
Doc 3250,inform,6
Doc 3250,teacher,5
Doc 3252,industri,5
Doc 3253,inform,7
Doc 3253,sti,5
Doc 3254,inform,6
Doc 3255,inform,6
Doc 3257,develop,6
Doc 3258,inform,7
Doc 3259,public,5
Doc 3266,librari,5
Doc 3268,inform,7
Doc 3268,cultur,5
Doc 3272,inform,7
Doc 3272,theori,5
Doc 3274,inform,8
Doc 3276,confere,8
Doc 3277,document,5
Doc 3277,inform,5
Doc 3278,inform,6
Doc 3282,inform,6
Doc 3282,system,5
Doc 3284,librari,6
Doc 3285,technic,5
Doc 3286,data,5
Doc 3288,compound,7
Doc 3292,child,9
Doc 3292,access,6
Doc 3292,librari,6
Doc 3292,school,5
Doc 3292,develop,5
Doc 3295,librari,7
Doc 3295,instruct,8
Doc 3297,librari,6
Doc 3299,librari,6
Doc 3300,train,5
Doc 3304,govern,5
Doc 3305,french,5
Doc 3305,public,5
Doc 3308,servic,5
Doc 3310,public,5
Doc 3316,librari,6
Doc 3317,project,5
Doc 3320,librari,14
Doc 3321,librari,6
Doc 3321,system,6
Doc 3324,librari,7
Doc 3325,stock,6
Doc 3326,inform,5
Doc 3331,review,5
Doc 3332,cost,5
Doc 3332,year,7
Doc 3332,subscript,6
Doc 3335,law,5
Doc 3336,exchang,5
Doc 3348,cost,6
Doc 3350,book,5
Doc 3353,law,5
Doc 3356,map,5
Doc 3361,inform,5
Doc 3361,retriev,5
Doc 3368,catalogu,6
Doc 3369,philippin,6
Doc 3370,catalogu,5
Doc 3370,section,5
Doc 3371,map,6
Doc 3372,onlin,5
Doc 3375,system,5
Doc 3376,oclc,7
Doc 3380,catalogu,6
Doc 3380,librari,5
Doc 3380,autom,5
Doc 3381,catalogu,6
Doc 3382,british,5
Doc 3382,librari,5
Doc 3383,refer,5
Doc 3383,period,10
Doc 3383,data,9
Doc 3383,bank,7
Doc 3385,catalogu,8
Doc 3385,subject,5
Doc 3386,compat,5
Doc 3386,matrix,5
Doc 3392,udc,9
Doc 3392,revis,6
Doc 3395,subject,6
Doc 3395,fiction,6
Doc 3397,index,5
Doc 3399,preci,5
Doc 3399,index,9
Doc 3402,term,5
Doc 3405,system,5
Doc 3409,term,6
Doc 3410,system,5
Doc 3411,file,5
Doc 3414,term,5
Doc 3415,system,8
Doc 3415,retriev,8
Doc 3415,queri,7
Doc 3415,method,5
Doc 3419,ring,6
Doc 3425,network,7
Doc 3431,viewdata,7
Doc 3434,viewdata,5
Doc 3435,viewdata,5
Doc 3435,system,5
Doc 3443,viewdata,5
Doc 3443,termin,9
Doc 3444,teletext,5
Doc 3446,caption,6
Doc 3448,use,5
Doc 3448,teletext,7
Doc 3451,data,7
Doc 3451,publish,6
Doc 3451,base,6
Doc 3452,print,5
Doc 3452,product,11
Doc 3452,produc,5
Doc 3452,base,9
Doc 3452,data,8
Doc 3452,onlin,6
Doc 3452,increas,8
Doc 3455,inform,7
Doc 3456,print,6
Doc 3459,index,6
Doc 3463,search,5
Doc 3465,system,5
Doc 3471,inform,5
Doc 3476,organis,5
Doc 3477,offic,8
Doc 3477,system,6
Doc 3479,part,5
Doc 3481,offic,7
Doc 3488,display,5
Doc 3488,requir,5
Doc 3489,display,5
Doc 3493,system,12
Doc 3493,use,5
Doc 3497,network,5
Doc 3499,architectur,5
Doc 3499,system,5
Doc 3505,czech,5
Doc 3506,norwegian,6
Doc 3509,advertis,5
Doc 3514,learn,7
Doc 3514,societi,7
Doc 3515,electron,7
Doc 3520,child,6
Doc 3520,literatur,5
Doc 3526,disc,6
Doc 3527,newspap,6
Doc 3533,librari,6
Doc 3535,librari,5
Doc 3536,librari,11
Doc 3536,scienc,5
Doc 3537,librari,6
Doc 3537,servic,5
Doc 3540,law,5
Doc 3544,citat,7
Doc 3544,journal,11
Doc 3544,librari,5
Doc 3544,scienc,5
Doc 3552,librari,6
Doc 3554,librari,6
Doc 3555,librari,8
Doc 3557,librarian,5
Doc 3560,inform,9
Doc 3563,inform,9
Doc 3565,librari,6
Doc 3566,librari,10
Doc 3567,cours,5
Doc 3569,institut,7
Doc 3570,librari,5
Doc 3570,school,6
Doc 3571,bibliograph,6
Doc 3573,document,5
Doc 3574,type,5
Doc 3577,student,6
Doc 3583,librari,5
Doc 3586,agricultur,6
Doc 3586,librari,5
Doc 3587,librari,6
Doc 3588,librari,6
Doc 3593,librari,5
Doc 3594,standard,7
Doc 3595,librari,5
Doc 3597,librari,8
Doc 3598,librari,5
Doc 3598,number,5
Doc 3600,librari,14
Doc 3601,librari,5
Doc 3602,servic,5
Doc 3603,librari,5
Doc 3605,librari,8
Doc 3606,librari,8
Doc 3607,librari,8
Doc 3609,librari,6
Doc 3617,librari,6
Doc 3620,agricultur,5
Doc 3620,librari,7
Doc 3623,inform,6
Doc 3624,librari,5
Doc 3630,reader,5
Doc 3631,aid,5
Doc 3631,handicap,5
Doc 3633,mental,5
Doc 3633,handicap,6
Doc 3633,librari,5
Doc 3634,centr,6
Doc 3637,school,5
Doc 3637,librari,8
Doc 3638,librari,5
Doc 3640,librari,5
Doc 3641,librari,8
Doc 3642,student,5
Doc 3642,librari,7
Doc 3645,librari,5
Doc 3646,librari,7
Doc 3646,hour,5
Doc 3646,pm,5
Doc 3648,broadcast,5
Doc 3652,inform,5
Doc 3669,map,7
Doc 3674,record,11
Doc 3674,librari,6
Doc 3676,librari,5
Doc 3677,polit,6
Doc 3677,literatur,6
Doc 3679,librari,6
Doc 3679,book,5
Doc 3681,art,7
Doc 3681,librari,5
Doc 3684,arab,5
Doc 3684,paleographi,5
Doc 3686,librari,6
Doc 3689,librari,6
Doc 3690,librari,5
Doc 3690,system,6
Doc 3692,cooper,8
Doc 3693,librari,12
Doc 3693,state,5
Doc 3694,cooper,6
Doc 3695,librari,11
Doc 3695,servic,5
Doc 3696,librari,5
Doc 3699,librari,6
Doc 3700,librari,5
Doc 3701,librari,8
Doc 3703,librari,6
Doc 3704,fund,5
Doc 3705,counti,5
Doc 3706,librari,5
Doc 3707,price,6
Doc 3707,object,8
Doc 3709,research,6
Doc 3709,librari,10
Doc 3714,comput,5
Doc 3715,autom,5
Doc 3716,librari,6
Doc 3717,public,5
Doc 3717,librari,11
Doc 3720,work,5
Doc 3720,librari,5
Doc 3722,network,6
Doc 3724,lc,5
Doc 3724,librari,5
Doc 3725,librari,6
Doc 3726,network,6
Doc 3726,librari,6
Doc 3729,academ,5
Doc 3729,librarian,6
Doc 3730,librari,9
Doc 3731,associ,6
Doc 3731,librari,8
Doc 3732,profession,5
Doc 3732,collect,5
Doc 3732,bargain,5
Doc 3734,refer,5
Doc 3738,librari,8
Doc 3739,librari,5
Doc 3739,build,5
Doc 3739,number,8
Doc 3740,depart,5
Doc 3741,librari,6
Doc 3742,librari,6
Doc 3743,librari,6
Doc 3744,librari,6
Doc 3746,librari,5
Doc 3754,inform,5
Doc 3754,develop,5
Doc 3754,countri,6
Doc 3756,inform,6
Doc 3758,industri,5
Doc 3762,refer,5
Doc 3764,inform,7
Doc 3764,industri,5
Doc 3768,inform,6
Doc 3769,inform,7
Doc 3770,inform,5
Doc 3772,cooper,7
Doc 3773,intern,5
Doc 3773,inform,5
Doc 3775,system,5
Doc 3776,servic,5
Doc 3779,inform,5
Doc 3780,data,6
Doc 3785,inform,6
Doc 3785,channel,5
Doc 3785,commun,5
Doc 3785,technolog,5
Doc 3786,librari,5
Doc 3787,librari,8
Doc 3788,veterinari,7
Doc 3788,librari,6
Doc 3791,inform,6
Doc 3791,report,5
Doc 3793,agricultur,6
Doc 3795,use,6
Doc 3795,foreign,5
Doc 3795,languag,9
Doc 3795,literatur,5
Doc 3795,research,6
Doc 3796,system,6
Doc 3796,data,7
Doc 3804,inform,8
Doc 3808,inform,8
Doc 3808,use,7
Doc 3809,data,5
Doc 3810,librari,6
Doc 3810,public,5
Doc 3810,must,11
Doc 3812,gener,9
Doc 3813,gener,5
Doc 3814,chemic,5
Doc 3816,librari,6
Doc 3820,system,5
Doc 3820,inform,8
Doc 3823,librari,5
Doc 3828,medium,5
Doc 3830,microform,5
Doc 3833,chemic,5
Doc 3837,divis,5
Doc 3838,school,5
Doc 3839,system,6
Doc 3843,serial,5
Doc 3844,public,5
Doc 3844,librari,5
Doc 3844,standard,6
Doc 3847,book,8
Doc 3849,librari,8
Doc 3850,exchang,5
Doc 3850,danish,6
Doc 3851,model,6
Doc 3852,librari,7
Doc 3854,workshop,7
Doc 3854,preserv,5
Doc 3857,librari,6
Doc 3859,preserv,6
Doc 3861,bind,5
Doc 3866,plb,5
Doc 3870,librari,6
Doc 3876,theatr,5
Doc 3877,librari,6
Doc 3877,catalogu,7
Doc 3880,catalogu,6
Doc 3883,librari,6
Doc 3892,librari,7
Doc 3893,catalogu,8
Doc 3894,catalogu,5
Doc 3894,print,5
Doc 3894,work,6
Doc 3895,catalogu,5
Doc 3897,list,5
Doc 3900,homosexu,5
Doc 3901,udc,6
Doc 3905,index,5
Doc 3905,kwic,7
Doc 3910,art,5
Doc 3913,conform,5
Doc 3914,structur,5
Doc 3915,chemic,6
Doc 3915,ca,5
Doc 3918,system,5
Doc 3919,system,5
Doc 3925,servic,5
Doc 3929,jicst,5
Doc 3930,system,5
Doc 3931,onlin,7
Doc 3931,refer,7
Doc 3931,search,8
Doc 3931,librari,6
Doc 3935,univers,5
Doc 3935,librari,8
Doc 3936,onlin,5
Doc 3937,patent,6
Doc 3938,input,6
Doc 3946,network,6
Doc 3947,videotex,6
Doc 3948,servic,5
Doc 3949,system,5
Doc 3952,prestel,6
Doc 3953,index,5
Doc 3955,telidon,5
Doc 3959,termin,6
Doc 3963,system,7
Doc 3964,search,6
Doc 3968,data,7
Doc 3974,search,5
Doc 3978,text,7
Doc 3979,data,5
Doc 3980,data,5
Doc 3980,base,5
Doc 3984,inform,6
Doc 3984,inquiri,6
Doc 3984,retriev,5
Doc 3987,document,5
Doc 3988,onlin,6
Doc 3988,system,5
Doc 3994,network,6
Doc 4005,telecommun,5
Doc 4006,cost,7
Doc 4008,librari,5
Doc 4009,bibliographi,6
Doc 4013,bibliographi,5
Doc 4020,copyright,5
Doc 4029,librari,6
Doc 4035,output,5
Doc 4038,mode,6
Doc 4041,nomenclatur,6
Doc 4042,patent,5
Doc 4043,librari,6
Doc 4044,librari,5
Doc 4044,cultur,7
Doc 4046,histori,6
Doc 4049,librarianship,5
Doc 4050,librari,6
Doc 4053,librari,5
Doc 4056,librari,8
Doc 4061,inform,7
Doc 4069,librari,6
Doc 4073,theori,5
Doc 4078,medic,5
Doc 4079,malaysia,5
Doc 4081,train,5
Doc 4081,librari,6
Doc 4085,librari,6
Doc 4089,cours,5
Doc 4089,librari,5
Doc 4090,librari,8
Doc 4090,scienc,5
Doc 4090,programm,5
Doc 4091,bibliographi,13
Doc 4092,librari,7
Doc 4092,handicap,5
Doc 4096,librari,6
Doc 4097,librari,10
Doc 4097,scienc,6
Doc 4097,collect,12
Doc 4097,subject,5
Doc 4098,subject,6
Doc 4098,catalogu,6
Doc 4098,librari,5
Doc 4098,classif,5
Doc 4101,record,6
Doc 4102,univers,6
Doc 4102,librari,12
Doc 4107,inform,6
Doc 4108,art,5
Doc 4112,librari,5
Doc 4116,servic,5
Doc 4117,librari,10
Doc 4117,lsl,5
Doc 4118,librari,5
Doc 4119,school,6
Doc 4119,librari,9
Doc 4120,public,9
Doc 4120,librari,12
Doc 4122,stock,5
Doc 4123,servic,5
Doc 4124,read,5
Doc 4124,librari,5
Doc 4125,sourc,5
Doc 4127,librari,5
Doc 4129,librari,7
Doc 4131,librari,5
Doc 4132,librari,5
Doc 4133,librari,7
Doc 4134,new,5
Doc 4134,librari,14
Doc 4134,mobil,5
Doc 4137,librari,10
Doc 4144,librari,9
Doc 4144,institut,7
Doc 4146,librari,5
Doc 4147,librari,6
Doc 4150,montreal,5
Doc 4150,institut,5
Doc 4151,librari,6
Doc 4154,handicap,5
Doc 4154,librari,11
Doc 4154,provid,5
Doc 4155,handicap,5
Doc 4165,librari,8
Doc 4165,school,9
Doc 4166,librari,5
Doc 4166,extern,6
Doc 4167,immigr,8
Doc 4167,librari,9
Doc 4168,librari,13
Doc 4168,user,6
Doc 4168,use,8
Doc 4170,librari,6
Doc 4171,librari,5
Doc 4172,literatur,5
Doc 4172,read,5
Doc 4174,read,5
Doc 4176,librari,9
Doc 4177,librari,5
Doc 4184,librari,7
Doc 4185,popul,5
Doc 4189,citat,6
Doc 4192,manag,7
Doc 4194,u,5
Doc 4195,classic,7
Doc 4198,time,8
Doc 4199,plan,5
Doc 4203,librari,5
Doc 4203,cooper,9
Doc 4205,librari,5
Doc 4207,librari,5
Doc 4210,inform,6
Doc 4211,librari,9
Doc 4211,local,7
Doc 4212,librari,11
Doc 4212,associ,5
Doc 4218,librari,7
Doc 4224,child,5
Doc 4224,librari,6
Doc 4227,archiv,7
Doc 4228,librari,5
Doc 4232,librari,5
Doc 4234,parttim,5
Doc 4234,librarian,10
Doc 4234,associ,6
Doc 4236,librari,9
Doc 4236,child,8
Doc 4239,collect,5
Doc 4239,bargain,5
Doc 4246,librari,5
Doc 4252,system,5
Doc 4252,librari,5
Doc 4253,exhibit,8
Doc 4253,univers,8
Doc 4255,heurist,5
Doc 4255,inform,7
Doc 4256,inform,6
Doc 4257,nation,5
Doc 4257,inform,8
Doc 4259,inform,5
Doc 4264,polit,7
Doc 4264,inform,5
Doc 4265,commun,5
Doc 4269,inform,5
Doc 4273,servic,5
Doc 4275,comput,6
Doc 4275,inform,5
Doc 4275,servic,5
Doc 4275,network,5
Doc 4281,energi,13
Doc 4283,manag,5
Doc 4289,research,7
Doc 4289,inform,5
Doc 4290,law,5
Doc 4298,data,5
Doc 4299,system,5
Doc 4304,user,5
Doc 4304,train,5
Doc 4304,student,5
Doc 4306,curriculum,6
Doc 4307,brazilian,5
Doc 4307,data,5
Doc 4311,index,5
Doc 4312,translat,5
Doc 4314,translat,5
Doc 4320,serial,9
Doc 4320,autom,6
Doc 4335,loan,6
Doc 4336,record,6
Doc 4337,sampl,8
Doc 4338,librari,5
Doc 4341,conserv,5
Doc 4342,librari,15
Doc 4344,issu,6
Doc 4347,find,5
Doc 4347,aid,5
Doc 4348,wismar,5
Doc 4348,librari,6
Doc 4351,author,5
Doc 4352,system,5
Doc 4354,link,6
Doc 4355,network,6
Doc 4356,data,5
Doc 4356,oclc,5
Doc 4358,public,5
Doc 4358,librari,8
Doc 4367,subject,5
Doc 4368,term,5
Doc 4369,inform,5
Doc 4370,concept,8
Doc 4372,document,5
Doc 4374,classif,5
Doc 4375,inform,5
Doc 4378,librari,5
Doc 4383,suffix,7
Doc 4386,chapter,5
Doc 4387,user,6
Doc 4387,system,5
Doc 4387,data,6
Doc 4389,onlin,9
Doc 4389,govern,6
Doc 4389,document,6
Doc 4389,data,7
Doc 4389,base,6
Doc 4389,use,5
Doc 4389,depositori,5
Doc 4390,biolog,6
Doc 4390,data,5
Doc 4391,chemic,6
Doc 4392,search,5
Doc 4392,servic,6
Doc 4392,librari,9
Doc 4392,user,5
Doc 4400,prestel,5
Doc 4401,index,5
Doc 4403,librari,7
Doc 4409,chemic,5
Doc 4410,press,8
Doc 4417,data,5
Doc 4421,record,5
Doc 4423,translat,5
Doc 4424,librari,5
Doc 4424,read,5
Doc 4425,nation,7
Doc 4425,bibliographi,7
Doc 4427,retrospect,5
Doc 4427,bibliographi,8
Doc 4430,book,6
Doc 4431,number,5
Doc 4432,serial,5
Doc 4433,copyright,6
Doc 4437,journal,5
Doc 4445,data,6
Doc 4450,librari,8
Doc 4451,librari,7
Doc 4455,librari,10
Doc 4456,librari,5
Doc 4457,librari,5
Doc 4458,librari,8
Doc 4459,librari,13
Doc 4462,microform,5
Doc 4463,journal,7
Doc 4463,read,7
Doc 4463,acrl,5
Doc 4463,academ,5
Doc 4463,titl,5
Doc 4464,librari,5
Doc 4470,research,11
Doc 4476,vintg,5
Doc 4476,librari,6
Doc 4483,inform,6
Doc 4486,librari,5
Doc 4488,librari,7
Doc 4492,librari,7
Doc 4492,train,5
Doc 4495,inform,7
Doc 4496,train,7
Doc 4499,librari,7
Doc 4503,librari,6
Doc 4506,subject,7
Doc 4509,archiv,5
Doc 4510,comput,5
Doc 4510,cours,6
Doc 4511,librari,5
Doc 4513,institut,5
Doc 4513,inform,5
Doc 4513,cours,5
Doc 4514,conserv,5
Doc 4521,librari,11
Doc 4522,librari,5
Doc 4523,educ,7
Doc 4524,veterinari,6
Doc 4524,librari,5
Doc 4525,art,8
Doc 4527,museum,7
Doc 4529,armi,5
Doc 4529,librari,5
Doc 4530,librari,6
Doc 4532,librari,10
Doc 4534,librari,9
Doc 4535,function,5
Doc 4535,public,5
Doc 4535,librari,5
Doc 4538,librari,7
Doc 4538,servic,7
Doc 4539,librari,9
Doc 4542,librari,8
Doc 4551,librari,9
Doc 4552,public,5
Doc 4552,librari,8
Doc 4554,servic,6
Doc 4555,librari,6
Doc 4560,develop,5
Doc 4560,univers,5
Doc 4563,colleg,7
Doc 4565,librari,6
Doc 4566,school,5
Doc 4566,librari,5
Doc 4567,institut,6
Doc 4568,librari,6
Doc 4570,librari,5
Doc 4571,librari,10
Doc 4571,patient,5
Doc 4574,librari,7
Doc 4574,handicap,5
Doc 4574,book,5
Doc 4577,librari,5
Doc 4577,disabl,5
Doc 4577,person,6
Doc 4579,braill,5
Doc 4579,book,5
Doc 4580,librari,6
Doc 4580,book,8
Doc 4587,librari,6
Doc 4588,librari,6
Doc 4590,librari,9
Doc 4593,librari,13
Doc 4593,school,6
Doc 4594,school,9
Doc 4594,librari,7
Doc 4596,school,6
Doc 4596,librari,8
Doc 4597,school,6
Doc 4597,librari,7
Doc 4598,librari,5
Doc 4600,medium,6
Doc 4600,school,7
Doc 4601,centr,8
Doc 4602,school,6
Doc 4602,librari,6
Doc 4604,librari,8
Doc 4605,librari,6
Doc 4606,librari,6
Doc 4606,black,7
Doc 4607,inform,7
Doc 4608,librari,5
Doc 4609,user,5
Doc 4610,read,9
Doc 4614,student,6
Doc 4616,librari,9
Doc 4617,popul,5
Doc 4618,inform,5
Doc 4619,book,6
Doc 4620,feedback,6
Doc 4621,public,5
Doc 4621,librari,6
Doc 4621,literaci,6
Doc 4626,librari,9
Doc 4627,librari,5
Doc 4630,bibliotherapi,7
Doc 4630,adult,5
Doc 4632,librari,9
Doc 4632,million,5
Doc 4636,local,8
Doc 4636,document,6
Doc 4651,archiv,7
Doc 4651,archivo,6
Doc 4651,de,8
Doc 4656,photograph,5
Doc 4658,map,6
Doc 4661,collect,7
Doc 4664,polit,6
Doc 4664,literatur,6
Doc 4666,ratio,5
Doc 4667,societi,5
Doc 4672,compani,5
Doc 4674,hospit,5
Doc 4674,pictur,6
Doc 4679,librari,5
Doc 4680,school,5
Doc 4680,librari,6
Doc 4681,librari,9
Doc 4682,librari,10
Doc 4683,librari,8
Doc 4684,librari,8
Doc 4685,network,5
Doc 4686,public,5
Doc 4686,librari,10
Doc 4686,educ,5
Doc 4686,colleg,6
Doc 4688,librari,6
Doc 4688,cooper,5
Doc 4689,librari,11
Doc 4691,librari,6
Doc 4694,public,5
Doc 4694,librari,5
Doc 4700,librari,7
Doc 4700,local,5
Doc 4700,must,5
Doc 4701,subject,6
Doc 4701,librari,5
Doc 4702,decis,5
Doc 4704,industri,5
Doc 4704,servic,5
Doc 4704,object,5
Doc 4708,librari,7
Doc 4711,public,7
Doc 4711,librari,7
Doc 4712,librari,6
Doc 4713,mobil,5
Doc 4713,librari,6
Doc 4714,librari,6
Doc 4715,cultur,9
Doc 4715,local,5
Doc 4716,zbb,6
Doc 4719,system,5
Doc 4723,libri,6
Doc 4725,network,6
Doc 4725,librari,5
Doc 4726,comput,6
Doc 4726,librari,5
Doc 4728,librari,7
Doc 4729,burnout,5
Doc 4730,work,5
Doc 4731,serial,6
Doc 4731,depart,5
Doc 4731,librari,5
Doc 4735,librari,10
Doc 4736,librari,5
Doc 4737,medium,5
Doc 4737,public,5
Doc 4737,librari,8
Doc 4738,librarian,5
Doc 4739,child,5
Doc 4740,art,5
Doc 4741,profess,5
Doc 4741,woman,5
Doc 4743,cognit,7
Doc 4743,style,7
Doc 4743,profession,5
Doc 4748,librari,8
Doc 4749,librari,8
Doc 4752,build,5
Doc 4753,librari,6
Doc 4755,librari,6
Doc 4756,bibliograph,6
Doc 4757,data,6
Doc 4759,inform,8
Doc 4759,librarian,5
Doc 4759,servic,7
Doc 4762,patent,8
Doc 4763,patent,9
Doc 4763,document,6
Doc 4764,librari,5
Doc 4766,servic,7
Doc 4768,busi,5
Doc 4769,inform,6
Doc 4769,public,6
Doc 4769,librari,13
Doc 4770,inform,6
Doc 4772,inform,8
Doc 4772,servic,7
Doc 4772,research,5
Doc 4773,design,5
Doc 4773,institut,5
Doc 4777,patent,12
Doc 4777,abstract,5
Doc 4777,servic,5
Doc 4778,inform,5
Doc 4780,inform,5
Doc 4780,servic,5
Doc 4786,technolog,6
Doc 4786,transfer,6
Doc 4788,use,5
Doc 4797,inform,7
Doc 4801,inform,6
Doc 4802,instruct,5
Doc 4803,librari,5
Doc 4803,student,5
Doc 4805,librari,6
Doc 4808,librari,5
Doc 4809,librari,5
Doc 4812,use,7
Doc 4814,librari,8
Doc 4816,libraryus,5
Doc 4819,collect,6
Doc 4821,servic,5
Doc 4821,librari,5
Doc 4823,servic,5
Doc 4829,hebrew,5
Doc 4832,refer,5
Doc 4833,question,5
Doc 4837,pushkin,7
Doc 4838,poetri,6
Doc 4838,librari,6
Doc 4838,even,5
Doc 4842,librari,7
Doc 4842,modul,6
Doc 4843,librari,8
Doc 4846,unimarc,6
Doc 4846,agenc,5
Doc 4848,swedish,5
Doc 4848,librari,9
Doc 4850,acquisit,5
Doc 4850,librari,7
Doc 4851,guidelin,5
Doc 4851,stock,7
Doc 4852,stock,7
Doc 4852,librari,6
Doc 4854,school,5
Doc 4854,librari,5
Doc 4855,deposit,6
Doc 4857,intern,7
Doc 4857,exchang,14
Doc 4857,public,8
Doc 4861,loan,6
Doc 4861,statist,5
Doc 4861,librari,5
Doc 4863,journal,9
Doc 4864,collect,5
Doc 4870,user,6
Doc 4878,librari,9
Doc 4880,catalogu,5
Doc 4881,catalogu,5
Doc 4882,music,5
Doc 4882,th,5
Doc 4885,isd,7
Doc 4885,centr,11
Doc 4885,nation,5
Doc 4890,bibliograph,5
Doc 4893,librari,6
Doc 4894,review,5
Doc 4894,manuscript,5
Doc 4895,patron,5
Doc 4895,serial,5
Doc 4896,data,7
Doc 4899,aacr2,7
Doc 4899,isra,5
Doc 4899,catalogu,5
Doc 4906,classif,6
Doc 4906,subject,5
Doc 4907,classif,5
Doc 4908,librari,7
Doc 4913,fidccc,5
Doc 4915,relat,5
Doc 4917,inform,7
Doc 4917,system,5
Doc 4920,onlin,6
Doc 4920,inform,6
Doc 4921,inform,11
Doc 4921,librari,6
Doc 4923,librari,5
Doc 4923,project,6
Doc 4925,inform,8
Doc 4925,system,5
Doc 4927,centr,5
Doc 4927,data,9
Doc 4928,librari,5
Doc 4928,teledata,5
Doc 4928,db,5
Doc 4929,consum,5
Doc 4935,print,7
Doc 4935,offlin,5
Doc 4938,finnish,6
Doc 4944,librari,5
Doc 4944,child,5
Doc 4951,electron,6
Doc 4951,mail,6
Doc 4951,servic,9
Doc 4955,text,5
Doc 4955,telephon,6
Doc 4960,project,8
Doc 4961,book,9
Doc 4961,librari,5
Doc 4963,read,10
Doc 4963,book,9
Doc 4963,librari,5
Doc 4966,bibliographi,6
Doc 4968,specialis,5
Doc 4968,bibliographi,9
Doc 4969,photocopi,5
Doc 4971,copyright,5
Doc 4972,child,7
Doc 4972,book,5
Doc 4973,compani,6
Doc 4976,newspap,5
Doc 4977,handicap,6
Doc 4977,child,5
Doc 4982,press,5
Doc 4982,book,5
Doc 4983,child,5
Doc 4985,child,5
Doc 4991,video,5
Doc 4991,librari,5
Doc 5000,globe,8
Doc 5009,librari,8
Doc 5010,librari,7
Doc 5010,olsgaard,5
Doc 5010,profil,5
Doc 5011,librari,7
Doc 5014,medic,5
Doc 5017,research,5
Doc 5019,librari,10
Doc 5023,christian,5
Doc 5024,librarian,7
Doc 5026,man,5
Doc 5027,inform,6
Doc 5029,librari,11
Doc 5030,librari,6
Doc 5031,qualiti,5
Doc 5036,assist,7
Doc 5036,librari,7
Doc 5040,book,5
Doc 5042,practic,6
Doc 5042,librari,8
Doc 5042,student,6
Doc 5044,district,6
Doc 5044,librari,6
Doc 5045,librari,11
Doc 5046,resourc,5
Doc 5049,document,5
Doc 5050,agricultur,5
Doc 5050,inform,5
Doc 5051,librari,5
Doc 5052,kibbutz,8
Doc 5052,librari,6
Doc 5054,inform,5
Doc 5055,public,5
Doc 5055,servic,5
Doc 5056,librari,10
Doc 5057,public,5
Doc 5057,librari,6
Doc 5058,librari,10
Doc 5060,librari,7
Doc 5061,librari,9
Doc 5062,librari,5
Doc 5063,librari,6
Doc 5065,librari,5
Doc 5066,librari,8
Doc 5067,librari,6
Doc 5068,librari,7
Doc 5068,system,5
Doc 5071,librari,7
Doc 5071,forestri,6
Doc 5073,librari,6
Doc 5074,health,7
Doc 5075,librari,10
Doc 5076,librari,16
Doc 5076,servic,5
Doc 5076,hospit,5
Doc 5078,librari,5
Doc 5078,circuit,5
Doc 5079,book,5
Doc 5083,librari,7
Doc 5083,child,5
Doc 5084,child,5
Doc 5085,educ,5
Doc 5087,school,5
Doc 5088,undergradu,7
Doc 5088,librari,7
Doc 5089,librari,5
Doc 5091,foreign,5
Doc 5094,reluct,5
Doc 5096,reader,5
Doc 5097,librari,6
Doc 5098,bibliometr,5
Doc 5100,age,8
Doc 5101,special,5
Doc 5101,collect,5
Doc 5104,document,6
Doc 5107,local,6
Doc 5109,period,6
Doc 5109,librari,5
Doc 5110,rank,6
Doc 5110,use,5
Doc 5110,titl,8
Doc 5112,archiv,8
Doc 5114,game,11
Doc 5115,librari,8
Doc 5115,aid,5
Doc 5116,microform,7
Doc 5123,record,6
Doc 5124,archiv,5
Doc 5127,literatur,5
Doc 5127,child,6
Doc 5130,cassett,7
Doc 5133,author,5
Doc 5134,inform,5
Doc 5135,use,5
Doc 5135,citat,8
Doc 5136,period,5
Doc 5136,journal,5
Doc 5137,energi,5
Doc 5137,librari,7
Doc 5139,music,8
Doc 5139,th,5
Doc 5140,handicap,5
Doc 5140,music,9
Doc 5140,librari,6
Doc 5144,librari,7
Doc 5145,librari,7
Doc 5147,librari,7
Doc 5149,network,5
Doc 5150,librari,5
Doc 5151,cooper,5
Doc 5153,librari,7
Doc 5155,librari,5
Doc 5157,statist,5
Doc 5161,inform,5
Doc 5170,comput,5
Doc 5171,text,5
Doc 5174,data,5
Doc 5174,base,5
Doc 5174,survey,6
Doc 5175,librari,5
Doc 5177,librari,7
Doc 5179,post,5
Doc 5180,manag,5
Doc 5184,job,5
Doc 5184,share,5
Doc 5187,faculti,6
Doc 5187,statu,5
Doc 5188,librarian,6
Doc 5188,faculti,5
Doc 5190,work,5
Doc 5193,librari,6
Doc 5195,counti,5
Doc 5195,librari,5
Doc 5196,librari,5
Doc 5196,floor,5
Doc 5197,librari,8
Doc 5198,librari,10
Doc 5198,build,6
Doc 5199,librari,5
Doc 5201,librari,5
Doc 5202,list,10
Doc 5205,microfilm,5
Doc 5208,centr,5
Doc 5209,inform,6
Doc 5209,distanc,5
Doc 5209,educ,5
Doc 5210,inform,5
Doc 5215,inform,6
Doc 5220,referr,5
Doc 5222,inform,5
Doc 5223,inform,5
Doc 5227,inform,5
Doc 5230,inform,5
Doc 5230,research,6
Doc 5233,inform,9
Doc 5233,servic,5
Doc 5235,inform,7
Doc 5236,inform,5
Doc 5237,inform,6
Doc 5238,inform,7
Doc 5239,librarian,5
Doc 5239,inform,6
Doc 5241,patent,5
Doc 5241,inform,9
Doc 5241,system,5
Doc 5242,document,5
Doc 5242,art,5
Doc 5244,inform,9
Doc 5245,intern,6
Doc 5245,inform,8
Doc 5245,system,8
Doc 5249,act,5
Doc 5253,user,5
Doc 5253,object,5
Doc 5255,clearinghous,5
Doc 5255,user,5
Doc 5256,librari,5
Doc 5258,chamber,5
Doc 5259,librari,8
Doc 5259,inform,6
Doc 5259,materi,7
Doc 5260,bibliograph,7
Doc 5260,work,5
Doc 5263,treati,9
Doc 5264,recommend,5
Doc 5264,bibliographi,5
Doc 5266,patent,5
Doc 5267,social,6
Doc 5267,scienc,6
Doc 5268,institut,5
Doc 5268,inform,5
Doc 5271,educ,5
Doc 5273,use,5
Doc 5278,nation,6
Doc 5284,librari,8
Doc 5286,bibliograph,5
Doc 5286,data,5
Doc 5287,charact,5
Doc 5290,intern,7
Doc 5290,marc,7
Doc 5290,network,5
Doc 5298,librari,10
Doc 5299,state,6
Doc 5301,agent,5
Doc 5308,serial,5
Doc 5309,librarian,5
Doc 5311,cassett,6
Doc 5311,cours,6
Doc 5315,librari,5
Doc 5315,period,7
Doc 5316,book,7
Doc 5319,librari,5
Doc 5320,librari,5
Doc 5322,deposit,5
Doc 5323,exchang,7
Doc 5323,librari,5
Doc 5324,librari,6
Doc 5325,exchang,7
Doc 5327,librari,8
Doc 5328,librari,7
Doc 5331,librari,5
Doc 5333,weed,5
Doc 5334,librari,9
Doc 5338,paper,7
Doc 5341,book,6
Doc 5341,glue,7
Doc 5341,press,5
Doc 5343,bind,8
Doc 5347,book,5
Doc 5347,theft,8
Doc 5348,lend,5
Doc 5348,librari,5
Doc 5348,system,6
Doc 5358,data,5
Doc 5361,catalogu,6
Doc 5366,isbd,5
Doc 5367,conser,5
Doc 5369,catalogu,6
Doc 5370,catalogu,7
Doc 5371,use,6
Doc 5371,onlin,5
Doc 5371,search,6
Doc 5375,corpor,7
Doc 5375,authorship,9
Doc 5376,titl,5
Doc 5380,rak,7
Doc 5380,librari,7
Doc 5381,record,6
Doc 5384,nation,5
Doc 5384,serial,5
Doc 5384,librari,6
Doc 5384,data,6
Doc 5384,standard,5
Doc 5390,librari,5
Doc 5390,system,6
Doc 5392,narrow,7
Doc 5392,catchword,6
Doc 5394,system,5
Doc 5394,weight,6
Doc 5394,boolean,5
Doc 5395,scheme,5
Doc 5396,classif,5
Doc 5397,librari,7
Doc 5397,bbk,6
Doc 5399,colon,6
Doc 5399,udc,5
Doc 5399,number,5
Doc 5401,descriptor,6
Doc 5401,nondescriptor,5
Doc 5402,inform,6
Doc 5403,film,5
Doc 5404,approach,5
Doc 5405,interfac,7
Doc 5405,system,7
Doc 5405,user,5
Doc 5406,interfac,5
Doc 5410,librari,6
Doc 5410,refer,5
Doc 5412,teletext,6
Doc 5412,user,6
Doc 5416,data,8
Doc 5416,base,5
Doc 5420,preme,6
Doc 5422,term,12
Doc 5432,read,5
Doc 5436,nation,6
Doc 5438,bibliographi,5
Doc 5439,parti,5
Doc 5440,print,5
Doc 5440,page,10
Doc 5446,african,5
Doc 5468,microform,7
Doc 5468,publish,5
Doc 5474,electron,5
Doc 5477,price,5
Doc 5485,book,6
Doc 5489,child,8
Doc 5489,literatur,6
Doc 5489,book,5
Doc 5490,child,7
Doc 5491,child,6
Doc 5493,child,5
Doc 5501,librari,7
Doc 5503,librari,13
Doc 5503,research,8
Doc 5504,librari,11
Doc 5506,librari,7
Doc 5506,develop,5
Doc 5507,librari,6
Doc 5508,librari,11
Doc 5510,librari,6
Doc 5520,index,5
Doc 5520,librari,5
